id,modulo,teoremas,fuente_descripcion,pilar,categoria,descripcion,dependencias,nombres,INTERPRETACION_objeto,INTERPRETACION_morfismos
mathlib-algebra-order,Mathlib.Algebra.Order,5140,títulos del subárbol,SET,algebra,algebra order: Ordered scalar multiplication and vector addition; Ordered algebras; Chebyshev's sum inequality; Conditionally complete linear ordered fields; `Disjointed` for functions on a `SuccAddOrder`; Lemmas about `invOf` in ordered (semi)rings.,mathlib-algebra-bigoperators | mathlib-algebra-directsum | mathlib-algebra-star | mathlib-data-enat | mathlib-data-ennreal | mathlib-data-fin,Order | LinearOrderedAddCommMonoidWithTop | LinearOrderedAddCommGroupWithTop | IsOrderedVAdd | IsOrderedSMul,,
mathlib-analysis-specialfunctions,Mathlib.Analysis.SpecialFunctions,3906,títulos del subárbol,SET,analysis,analysis special functions: Inverse of the cosh function; The arithmetic-geometric mean; Inverse of the sinh function; Inverse of the tanh function; Bernstein approximations and Weierstrass' theorem; Properties of Shannon q-ary entropy and binary entropy functions,mathlib-algebra-bigoperators | mathlib-algebra-order | mathlib-algebra-polynomial | mathlib-analysis-asymptotics | mathlib-analysis-complex | mathlib-analysis-convex,SpecialFunctions | IsExpCmpFilter,,
mathlib-data-set,Mathlib.Data.Set,2852,Basic,SET,algebra,Basic properties of sets Sets in Lean are homogeneous; all their elements have the same type. Sets whose elements have type X are thus defined as Set X := X → Prop . Note that this function need not be decidable. The definition is in the module Mathlib/Data/Set/Defs.lean . This f,mathlib-algebra-bigoperators | mathlib-algebra-order | mathlib-data-enat | mathlib-data-finset | mathlib-data-list | mathlib-data-nat,Set,,
mathlib-categorytheory-limits,Mathlib.CategoryTheory.Limits,2834,títulos del subárbol,CAT,category-theory,category theory limits: Limits and colimits in comma categories; Limits and the category of (co)cones; Cones and cocones; Connected limits; Creating (co)limits; Limits in the category of elements,mathlib-algebra-category | mathlib-categorytheory-adjunction | mathlib-categorytheory-monoidal | mathlib-categorytheory-morphismproperty | mathlib-categorytheory-objectproperty | mathlib-data-fin,Limits | Cone | Cocone | ConeMorphism | CoconeMorphism,,
mathlib-algebra-polynomial,Mathlib.Algebra.Polynomial,2380,Basic,SET,algebra,"Theory of univariate polynomials This file defines Polynomial R , the type of univariate polynomials over the semiring R , builds a semiring structure on it, and gives basic definitions that are expanded in other files in this directory. Main definitions monomial n a is the polyn",mathlib-algebra-bigoperators | mathlib-algebra-charp | mathlib-algebra-monoidalgebra | mathlib-algebra-mvpolynomial | mathlib-algebra-order | mathlib-data-enat,Polynomial | CAlgHom,,
mathlib-data-finset,Mathlib.Data.Finset,2292,Basic,SET,algebra,"Basic lemmas on finite sets This file contains lemmas on the interaction of various definitions on the Finset type. For an explanation of Finset design decisions, please see Mathlib/Data/Finset/Defs.lean . Main declarations Main definitions Finset.choose : Given a proof h of exis",mathlib-algebra-bigoperators | mathlib-algebra-order | mathlib-data-fin | mathlib-data-finsupp | mathlib-data-int | mathlib-data-list,Finset,,
mathlib-order-filter,Mathlib.Order.Filter,2192,Basic,SET,set-theory,"Theory of filters on sets A filter on a type α is a collection of sets of α which contains the whole α , is upwards-closed, and is stable under intersection. They are mostly used to abstract two related kinds of ideas: limits , including finite or infinite limits of sequences, fi",mathlib-algebra-bigoperators | mathlib-algebra-order | mathlib-analysis-asymptotics | mathlib-data-finset | mathlib-data-int | mathlib-data-nat,Filter | CardinalInterFilter | CountableInterFilter | HasCountableSeparatingOn | IsCountablyGenerated,,
mathlib-data-nat,Mathlib.Data.Nat,1916,Basic,SET,algebra,Basic operations on the natural numbers This file builds on Mathlib/Data/Nat/Init.lean by adding basic lemmas on natural numbers depending on Mathlib definitions. See note [foundational algebra order theory].,mathlib-algebra-bigoperators | mathlib-algebra-charp | mathlib-algebra-order | mathlib-algebra-polynomial | mathlib-data-enat | mathlib-data-fin,Nat | AtLeastTwo,,
mathlib-order-interval,Mathlib.Order.Interval,1916,Basic,SET,set-theory,Order intervals This file defines (nonempty) closed intervals in an order (see Set.Icc ). This is a prototype for interval arithmetic. Main declarations NonemptyInterval : Nonempty intervals. Pairs where the second element is greater than the first. Interval : Intervals. Either ∅,mathlib-algebra-order | mathlib-data-finset | mathlib-data-int | mathlib-data-nat | mathlib-data-set | mathlib-order-booleanalgebra,Interval | NonemptyInterval | Icc | Ico | Ioc,,
mathlib-measuretheory-integral,Mathlib.MeasureTheory.Integral,1871,títulos del subárbol,SET,probability,measure theory integral: Bounding of integrals by asymptotics; Integral average of a function; Integration of bounded continuous functions; Circle Averages; Integral over a circle in `ℂ`; Circle integral transform,mathlib-algebra-bigoperators | mathlib-algebra-order | mathlib-analysis-boxintegral | mathlib-analysis-specialfunctions | mathlib-measuretheory-group | mathlib-order-filter,Integral | CircleIntegrable | FinMeasAdditive | DominatedFinMeasAdditive | StronglyMeasurableAtFilter,,
mathlib-data-list,Mathlib.Data.List,1835,Basic,SET,algebra,"Definitions on lists This file contains various definitions on lists. It does not contain proofs about these definitions, those are contained in other files in Data.List",mathlib-algebra-bigoperators | mathlib-algebra-order | mathlib-data-fin | mathlib-data-multiset | mathlib-data-nat | mathlib-data-set,List | AList | Disjoint | Cycle | Mem,,
mathlib-analysis-convex,Mathlib.Analysis.Convex,1708,Basic,SET,analysis,"Convex sets In a 𝕜-vector space, we define the following property: Convex 𝕜 s : A set s is convex if for any two points x y ∈ s it includes segment 𝕜 x y . We provide various equivalent versions, and prove that some specific sets are convex. TODO Generalize all this file to affin",mathlib-algebra-bigoperators | mathlib-algebra-charp | mathlib-algebra-order | mathlib-analysis-locallyconvex | mathlib-analysis-rclike | mathlib-analysis-specialfunctions,Convex | AmpleSet | Wbtw | Sbtw | ConvexBody,,
mathlib-topology-order,Mathlib.Topology.Order,1486,docstring propio,SET,topology,"Ordering on topologies and (co)induced topologies Topologies on a fixed type α are ordered, by reverse inclusion. That is, for topologies t₁ and t₂ on α , we write t₁ ≤ t₂ if every set open in t₂ is also open in t₁ . (One also calls t₁ finer than t₂ , and t₂ coarser than t₁ .) An",mathlib-data-ereal | mathlib-data-set | mathlib-order-filter | mathlib-order-hom | mathlib-order-interval | mathlib-order-succpred,Order | IndiscreteTopology | NontrivialTopology | DiscreteTopology | OrderTopology,,
mathlib-analysis-complex,Mathlib.Analysis.Complex,1366,Basic,SET,analysis,"Normed space structure on ℂ . This file gathers basic facts of analytic nature on the complex numbers. Main results This file registers ℂ as a normed field, expresses basic properties of the norm, and gives tools on the real vector space structure of ℂ . Notably, it defines the f",mathlib-algebra-charp | mathlib-algebra-order | mathlib-algebra-polynomial | mathlib-analysis-asymptotics | mathlib-analysis-convex | mathlib-analysis-locallyconvex,Complex | Circle,,
mathlib-categorytheory-monoidal,Mathlib.CategoryTheory.Monoidal,1316,títulos del subárbol,CAT,category-theory,category theory monoidal: The category of bimodule objects over a pair of monoid objects.; The category of bimonoids in a braided monoidal category.; Monoidal categories; Half braidings and the Drinfeld center of a monoidal category; Lemmas which are consequences of monoidal cohe,mathlib-algebra-category | mathlib-categorytheory-adjunction | mathlib-categorytheory-limits | mathlib-categorytheory-objectproperty,Monoidal | Bimod | Hom | BimonObj | IsBimonHom,,
mathlib-geometry-euclidean,Mathlib.Geometry.Euclidean,1281,Basic,SET,geometry,Euclidean spaces This file makes some definitions and proves very basic geometrical results about real inner product spaces and Euclidean affine spaces. Results about real inner product spaces that involve the norm and inner product but not angles generally go in Analysis.NormedS,mathlib-analysis-convex | mathlib-analysis-specialfunctions | mathlib-topology-instances,Euclidean | ExcenterExists | OrthocentricSystem,,
mathlib-algebra-lie,Mathlib.Algebra.Lie,1228,Basic,SET,algebra,"Lie algebras This file defines Lie rings and Lie algebras over a commutative ring together with their modules, morphisms and equivalences, as well as various lemmas to make these definitions usable. Main definitions LieRing LieAlgebra LieRingModule LieModule LieHom LieEquiv LieMo",mathlib-algebra-directsum | mathlib-algebra-order | mathlib-algebra-polynomial | mathlib-data-finset | mathlib-data-int | mathlib-data-matrix,Lie | IsTrivial | IsLieAbelian | TrivialLieModule | LieRing,,
mathlib-combinatorics-matroid,Mathlib.Combinatorics.Matroid,1180,Basic,SET,combinatorics,"Matroids A Matroid is a structure that combinatorially abstracts the notion of linear independence and dependence; matroids have connections with graph theory, discrete optimization, additive combinatorics and algebraic geometry. Mathematically, a matroid M is a structure on a se",mathlib-data-enat | mathlib-data-set | mathlib-order-interval | mathlib-order-upperlower,Matroid | ExchangeProperty | ExistsMaximalSubsetProperty | Finite | Nonempty,,
mathlib-algebra-bigoperators,Mathlib.Algebra.BigOperators,1100,títulos del subárbol,SET,algebra,"algebra big operators: Products of associated, prime, and irreducible elements.; Balancing a function; Average over a finset; Results about big operators with values in a field; Big operators and `Fin`; Finite products and sums over types and sets",mathlib-algebra-charp | mathlib-algebra-order | mathlib-data-finset | mathlib-data-finsupp | mathlib-data-int | mathlib-data-list,BigOperators,,
mathlib-algebraicgeometry-ellipticcurve,Mathlib.AlgebraicGeometry.EllipticCurve,1030,títulos del subárbol,SET,geometry,algebraic geometry elliptic curve: Elliptic curves with same j-invariants are isomorphic; Models of elliptic curves with prescribed j-invariant; Some normal forms of elliptic curves; Reduction of Weierstrass curves over local fields; Change of variables of Weierstrass curves; Wei,mathlib-algebra-charp | mathlib-algebra-mvpolynomial | mathlib-algebra-polynomial | mathlib-data-fin | mathlib-ringtheory-polynomial,EllipticCurve | IsCharNeTwoNF | IsShortNF | IsCharThreeJNeZeroNF | IsCharTwoJNeZeroNF,,
mathlib-algebra-category,Mathlib.Algebra.Category,999,títulos del subárbol,SET,algebra,algebra category: The category of Boolean rings; The category of commutative bialgebras over a commutative ring; The category of groups with zero; Category instance for algebras over a commutative ring; The category of R-algebras has all limits; The monoidal category structure on,mathlib-algebra-bigoperators | mathlib-algebra-directsum | mathlib-algebra-mvpolynomial | mathlib-categorytheory-adjunction | mathlib-categorytheory-limits | mathlib-categorytheory-monoidal,Category | BoolRing | Hom | CommBialgCat | GrpWithZero,,
mathlib-ringtheory-polynomial,Mathlib.RingTheory.Polynomial,884,Basic,SET,algebra,"Ring-theoretic supplement of Algebra.Polynomial. Main results MvPolynomial.isDomain : If a ring is an integral domain, then so is its polynomial ring over finitely many variables. Polynomial.isNoetherianRing : Hilbert basis theorem, that if a ring is Noetherian then so is its pol",mathlib-algebra-charp | mathlib-algebra-monoidalgebra | mathlib-algebra-mvpolynomial | mathlib-algebra-polynomial | mathlib-analysis-complex | mathlib-analysis-specialfunctions,Polynomial | IsPrimitive,,
mathlib-data-multiset,Mathlib.Data.Multiset,867,Basic,SET,algebra,Multisets Multisets are finite sets with duplicates allowed. They are implemented here as the quotient of lists by permutation. This gives them computational content. This file contains the definition of Multiset and the basic predicates. Most operations have been split off into ,mathlib-algebra-bigoperators | mathlib-algebra-order | mathlib-data-dfinsupp | mathlib-data-list | mathlib-data-nat | mathlib-data-set,Multiset | Mem | Subset | Pairwise | Nodup,,
mathlib-analysis-asymptotics,Mathlib.Analysis.Asymptotics,761,Defs,SET,analysis,"Asymptotics We introduce these relations: IsBigOWith c l f g : ""f is big O of g along l with constant c""; f =O[l] g : ""f is big O of g along l""; f =Θ[l] g : ""f is big O of g along l and vice versa""; f =o[l] g : ""f is little o of g along l""; f ~[l] g : f and g are equivalent, i.e.",mathlib-algebra-polynomial | mathlib-analysis-convex | mathlib-analysis-locallyconvex | mathlib-analysis-specialfunctions | mathlib-topology-instances | mathlib-topology-openpartialhomeomorph,Asymptotics | IsTheta | IsEquivalent,,
mathlib-algebra-mvpolynomial,Mathlib.Algebra.MvPolynomial,755,Basic,SET,algebra,"Multivariate polynomials This file defines polynomial rings over a base ring (or even semiring), with variables from a general type σ (which could be infinite). Important definitions Let R be a commutative ring (or a semiring) and let σ be an arbitrary type. This file creates the",mathlib-algebra-bigoperators | mathlib-algebra-monoidalgebra | mathlib-algebra-order | mathlib-algebra-polynomial | mathlib-data-fin | mathlib-data-finsupp,MvPolynomial | ACounit,,
mathlib-algebra-star,Mathlib.Algebra.Star,741,Basic,SET,algebra,"Star monoids, rings, and modules We introduce the basic algebraic notions of star monoids, star rings, and star modules. A star algebra is simply a star ring that is also a star module. These are implemented as ""mixin"" typeclasses, so to summon a star ring (for example) one needs",mathlib-algebra-bigoperators | mathlib-algebra-charp | mathlib-algebra-order | mathlib-data-int | mathlib-data-rat | mathlib-data-real,Star | StarMemClass | InvolutiveStar | TrivialStar | StarMul,,
mathlib-grouptheory-perm,Mathlib.GroupTheory.Perm,681,Basic,SET,algebra,Extra lemmas about permutations This file proves miscellaneous lemmas about Equiv.Perm . TODO Most of the content of this file was moved to Mathlib/Algebra/Group/End.lean in https://github.com/leanprover-community/mathlib4/pull/22141. It would be good to merge the remaining lemma,mathlib-algebra-order | mathlib-data-finset | mathlib-data-int | mathlib-data-list | mathlib-data-set | mathlib-grouptheory-groupaction,Perm | Basis | Disjoint | IsSwap,,
mathlib-data-matrix,Mathlib.Data.Matrix,665,Basic,SET,algebra,"Matrices This file contains basic results on matrices including bundled versions of matrix operators. Implementation notes For convenience, Matrix m n α is defined as m → n → α , as this allows elements of the matrix to be accessed with A i j . However, it is not advisable to _co",mathlib-algebra-bigoperators | mathlib-algebra-order | mathlib-data-fin | mathlib-data-finset | mathlib-data-int | mathlib-data-nat,Matrix | IsTwoBlockDiagonal | IsSimplyLaced,,
mathlib-data-fin,Mathlib.Data.Fin,660,Basic,SET,algebra,"The finite type with n elements Fin n is the type whose elements are natural numbers smaller than n . This file expands on the development in the core library. Main definitions finZeroElim : Elimination principle for the empty set Fin 0 , generalizes Fin.elim0 . Further definitio",mathlib-algebra-bigoperators | mathlib-data-finset | mathlib-data-int | mathlib-data-nat | mathlib-logic-equiv | mathlib-logic-function,Fin | IsLT,,
mathlib-logic-equiv,Mathlib.Logic.Equiv,659,Basic,LOG,logic,"Equivalence between types In this file we continue the work on equivalences begun in Mathlib/Logic/Equiv/Defs.lean , defining a lot of equivalences between various types and operations on these equivalences. More definitions of this kind can be found in other files. E.g., Mathlib",mathlib-data-fin | mathlib-data-finset | mathlib-data-int | mathlib-data-multiset | mathlib-data-nat | mathlib-data-set,Equiv | Perm,,
mathlib-data-ennreal,Mathlib.Data.ENNReal,649,Basic,SET,algebra,"Extended non-negative reals We define ENNReal = ℝ≥0∞ := WithTop ℝ≥0 to be the type of extended nonnegative real numbers, i.e., the interval [0, +∞] . This type is used as the codomain of a MeasureTheory.Measure , and of the extended distance edist in an EMetricSpace . In this fil",mathlib-algebra-bigoperators | mathlib-algebra-order | mathlib-data-finset | mathlib-data-nnreal | mathlib-order-interval,ENNReal | HolderTriple | HolderConjugate,,
mathlib-data-finsupp,Mathlib.Data.Finsupp,617,Basic,SET,algebra,"Miscellaneous definitions, lemmas, and constructions using finsupp Main declarations Finsupp.graph : the finset of input and output pairs with non-zero outputs. Finsupp.mapRange.equiv : Finsupp.mapRange as an equiv. Finsupp.mapDomain : maps the domain of a Finsupp by a function a",mathlib-algebra-bigoperators | mathlib-algebra-order | mathlib-data-dfinsupp | mathlib-data-finset | mathlib-data-list | mathlib-data-multiset,Finsupp | Lex | MonomialOrder,,
mathlib-linearalgebra-rootsystem,Mathlib.LinearAlgebra.RootSystem,590,Basic,SET,algebra,"Root data and root systems This file contains basic results for root systems and root data. Main definitions / results: RootPairing.ext : In characteristic zero if there is no torsion, the correspondence between roots and coroots is unique. RootSystem.ext : In characteristic zero",mathlib-algebra-lie | mathlib-linearalgebra-dimension | mathlib-linearalgebra-span | mathlib-order-interval,RootSystem | Base | IsPos | IsBalanced | RootPairing,,
mathlib-grouptheory-groupaction,Mathlib.GroupTheory.GroupAction,566,Basic,SET,algebra,"Basic properties of group actions This file primarily concerns itself with orbits, stabilizers, and other objects defined in terms of actions. Despite this file being called basic , low-level helper lemmas for algebraic manipulation of • belong elsewhere. Main definitions MulActi",mathlib-algebra-bigoperators | mathlib-algebra-order | mathlib-data-fin | mathlib-data-nat | mathlib-data-set | mathlib-grouptheory-specificgroups,GroupAction | IsFixedBlock | IsInvariantBlock | IsTrivialBlock | IsBlock,,
mathlib-order-hom,Mathlib.Order.Hom,555,Basic,SET,set-theory,"Order homomorphisms This file defines order homomorphisms, which are bundled monotone functions. A preorder homomorphism f : α →o β is a function α → β along with a proof that ∀ x y, x ≤ y → f x ≤ f y . Main definitions In this file we define the following bundled monotone maps: ",mathlib-data-finset | mathlib-data-set | mathlib-data-sum | mathlib-logic-equiv | mathlib-logic-function | mathlib-order-interval,Hom | OrderHom | OrderEmbedding | OrderIso | OrderHomClass,,
mathlib-ringtheory-powerseries,Mathlib.RingTheory.PowerSeries,554,Basic,SET,algebra,Formal power series (in one variable) This file defines (univariate) formal power series and develops the basic properties of these objects. A formal power series is to a polynomial like an infinite sum is to a finite sum. Formal power series in one variable are defined from mult,mathlib-algebra-charp | mathlib-algebra-mvpolynomial | mathlib-algebra-polynomial | mathlib-analysis-rclike | mathlib-data-enat | mathlib-data-finsupp,PowerSeries | HasEval | IsRestricted,,
mathlib-topology-instances,Mathlib.Topology.Instances,554,títulos del subárbol,SET,topology,topology instances: Ternary Cantor Set; Some results about the topology of ℂ; Instances related to the discrete topology; Topology on extended natural numbers; Topology on the integers; Topology of irrational numbers,mathlib-algebra-bigoperators | mathlib-algebra-order | mathlib-analysis-complex | mathlib-analysis-real | mathlib-data-enat | mathlib-data-ennreal,Instances | AddCircle | UnitAddCircle,,
mathlib-ringtheory-localization,Mathlib.RingTheory.Localization,551,Basic,SET,algebra,"Localizations of commutative rings This file contains various basic results on localizations. We characterize the localization of a commutative ring R at a submonoid M up to isomorphism; that is, a commutative ring S is the localization of R at M iff we can find a ring homomorphi",mathlib-algebra-bigoperators | mathlib-algebra-order | mathlib-linearalgebra-basis | mathlib-linearalgebra-dimension | mathlib-ringtheory-spectrum,Localization | IsLocalization' | IsLocalization | IsFractionRing | FractionRing,,
mathlib-linearalgebra-tensorproduct,Mathlib.LinearAlgebra.TensorProduct,546,Basic,SET,algebra,"Universal property of the tensor product Given any bilinear map f : M →ₛₗ[σ₁₂] N →ₛₗ[σ₁₂] P₂ , there is a unique semilinear map TensorProduct.lift f : TensorProduct R M N →ₛₗ[σ₁₂] P₂ whose composition with the canonical bilinear map TensorProduct.mk is the given bilinear map f . ",mathlib-algebra-directsum | mathlib-data-int | mathlib-linearalgebra-basis | mathlib-linearalgebra-finsupp | mathlib-ringtheory-gradedalgebra | mathlib-ringtheory-tensorproduct,TensorProduct | CompatibleSMul,,
mathlib-topology-continuousmap,Mathlib.Topology.ContinuousMap,541,Basic,SET,topology,"Continuous bundled maps In this file we define the type ContinuousMap of continuous bundled maps. We use the DFunLike design, so each type of morphisms has a companion typeclass which is meant to be satisfied by itself and all stricter types.",mathlib-algebra-order | mathlib-algebra-star | mathlib-analysis-complex | mathlib-analysis-rclike | mathlib-analysis-specialfunctions | mathlib-data-real,ContinuousMap | SeparatesPoints | SeparatesPointsStrongly | CocompactMap | CocompactMapClass,,
mathlib-algebraictopology-simplicialset,Mathlib.AlgebraicTopology.SimplicialSet,520,Basic,SET,topology,"Simplicial sets A simplicial set is just a simplicial object in Type , i.e. a Type -valued presheaf on the simplex category. (One might be tempted to call these ""simplicial types"" when working in type-theoretic foundations, but this would be unnecessarily confusing given the exis",mathlib-categorytheory-limits | mathlib-categorytheory-monoidal | mathlib-categorytheory-morphismproperty | mathlib-data-fin | mathlib-logic-equiv,SimplicialSet | SSet | Truncated | Augmented | Edge,,
mathlib-numbertheory-modularforms,Mathlib.NumberTheory.ModularForms,514,Basic,SET,number-theory,"Modular forms This file defines modular forms and proves some basic properties about them. Including constructing the graded ring of modular forms. We begin by defining modular forms and cusp forms as extension of SlashInvariantForm s then we define the space of modular forms, cu",mathlib-algebra-directsum | mathlib-analysis-asymptotics | mathlib-analysis-complex | mathlib-analysis-rclike | mathlib-analysis-specialfunctions | mathlib-numbertheory-lseries,ModularForms | HasDetPlusMinusOne | HasDetOne | IsArithmetic | ModularForm,,
mathlib-data-int,Mathlib.Data.Int,510,Basic,SET,algebra,Basic operations on the integers This file builds on Data.Int.Init by adding basic lemmas on integers. depending on Mathlib definitions.,mathlib-algebra-order | mathlib-data-nat | mathlib-data-nnreal | mathlib-data-rat | mathlib-data-set | mathlib-logic-function,Int | ModEq,,
mathlib-probability-independence,Mathlib.Probability.Independence,500,Basic,SET,probability,"Independence of sets of sets and measure spaces (σ-algebras) A family of sets of sets π : ι → Set (Set Ω) is independent with respect to a measure μ if for any finite set of indices s = {i_1, ..., i_n} , for any sets f i_1 ∈ π i_1, ..., f i_n ∈ π i_n , μ (⋂ i in s, f i) = ∏ i ∈ s",mathlib-measuretheory-group | mathlib-measuretheory-integral,Independence | IndepSets | Indep | IndepSet | IndepFun,,
mathlib-numbertheory-lseries,Mathlib.NumberTheory.LSeries,485,Basic,SET,number-theory,"L-series Given a sequence f: ℕ → ℂ , we define the corresponding L-series. Main Definitions LSeries.term f s n is the n th term of the L-series of the sequence f at s : ℂ . We define it to be zero when n = 0 . LSeries f is the L-series with a given sequence f as its coefficients.",mathlib-algebra-bigoperators | mathlib-analysis-asymptotics | mathlib-analysis-complex | mathlib-analysis-fourier | mathlib-analysis-specialfunctions | mathlib-data-ereal,LSeries | WeakFEPair | StrongFEPair | LSeriesSummable | LSeriesHasSum,,
mathlib-order-completelattice,Mathlib.Order.CompleteLattice,468,Basic,SET,set-theory,"Theory of complete lattices This file contains basic results on complete lattices. Naming conventions In lemma names, sSup is called sSup sInf is called sInf ⨆ i, s i is called iSup ⨅ i, s i is called iInf ⨆ i j, s i j is called iSup₂ . This is an iSup inside an iSup . ⨅ i j, s i",mathlib-algebra-order | mathlib-categorytheory-limits | mathlib-data-finset | mathlib-data-nat | mathlib-data-set | mathlib-order-bounds,CompleteLattice | CompleteSemilatticeSup | CompleteSemilatticeInf | CompleteLinearOrder,,
mathlib-analysis-boxintegral,Mathlib.Analysis.BoxIntegral,422,Basic,SET,analysis,"Integrals of Riemann, Henstock-Kurzweil, and McShane In this file we define the integral of a function over a box in ℝⁿ . The same definition works for Riemann, Henstock-Kurzweil, and McShane integrals. As usual, we represent ℝⁿ as the type of functions ι → ℝ for some finite type",mathlib-algebra-bigoperators | mathlib-data-nnreal | mathlib-data-set | mathlib-measuretheory-integral | mathlib-order-interval | mathlib-topology-order,BoxIntegral | HasIntegral | Integrable | Box | Icc,,
mathlib-ringtheory-mvpolynomial,Mathlib.RingTheory.MvPolynomial,404,docstring propio,SET,algebra,"Multivariate polynomials over fields This file contains basic facts about multivariate polynomials over fields, for example that the dimension of the space of multivariate polynomials over a field is equal to the cardinality of finitely supported functions from the indexing set t",mathlib-algebra-bigoperators | mathlib-algebra-charp | mathlib-algebra-directsum | mathlib-algebra-monoidalgebra | mathlib-algebra-mvpolynomial | mathlib-algebra-order,MvPolynomial | IsHomogeneous | Monic | IsWeightedHomogeneous | NonTorsionWeight,,
mathlib-ringtheory-mvpowerseries,Mathlib.RingTheory.MvPowerSeries,403,Basic,SET,algebra,Formal (multivariate) power series This file defines multivariate formal power series and develops the basic properties of these objects. A formal power series is to a polynomial like an infinite sum is to a finite sum. We provide the natural inclusion from multivariate polynomia,mathlib-algebra-charp | mathlib-algebra-mvpolynomial | mathlib-algebra-order | mathlib-data-enat | mathlib-data-finsupp | mathlib-order-filter,MvPowerSeries | HasEval | IsWeightedHomogeneous | IsHomogeneous | HasSubst,,
mathlib-categorytheory-triangulated,Mathlib.CategoryTheory.Triangulated,400,Basic,CAT,category-theory,Triangles This file contains the definition of triangles in an additive category with an additive shift. It also defines morphisms between these triangles. TODO: generalise this to n-angles in n-angulated categories as in https://arxiv.org/abs/1006.4592,mathlib-categorytheory-adjunction | mathlib-categorytheory-limits | mathlib-categorytheory-localization | mathlib-categorytheory-morphismproperty | mathlib-categorytheory-objectproperty | mathlib-categorytheory-shift,Triangulated | IsTriangulated | Triangle | TriangleMorphism | IsHomological,,
mathlib-data-real,Mathlib.Data.Real,399,Basic,SET,algebra,"Real numbers from Cauchy sequences This file defines ℝ as the type of equivalence classes of Cauchy sequences of rational numbers. This choice is motivated by how easy it is to prove that ℝ is a commutative ring, by simply lifting everything to ℚ . The facts that the real numbers",mathlib-algebra-order | mathlib-algebra-star | mathlib-data-enat | mathlib-data-ennreal | mathlib-data-nnreal | mathlib-data-rat,Real | IsPowMul | IsBoundedWrt | HolderTriple | HolderConjugate,,
mathlib-probability-moments,Mathlib.Probability.Moments,395,Basic,SET,probability,"Moments and moment-generating function Main definitions ProbabilityTheory.moment X p μ : p th moment of a real random variable X with respect to measure μ , μ[X^p] ProbabilityTheory.centralMoment X p μ : p th central moment of X with respect to measure μ , μ[(X - μ[X])^p] Probabi",mathlib-analysis-complex | mathlib-analysis-locallyconvex | mathlib-analysis-specialfunctions | mathlib-measuretheory-integral | mathlib-probability-independence,Moments | HasSubgaussianMGF | HasCondSubgaussianMGF,,
mathlib-topology-constructions,Mathlib.Topology.Constructions,395,docstring propio,SET,topology,"Constructions of new topological spaces from old ones This file constructs pi types, subtypes and quotients of topological spaces and sets up their basic theory, such as criteria for maps into or out of these constructions to be continuous; descriptions of the open sets, neighbor",mathlib-data-fin | mathlib-data-finset | mathlib-order-filter,Constructions | IsDiscrete | CofiniteTopology,,
mathlib-order-succpred,Mathlib.Order.SuccPred,385,Basic,SET,set-theory,"Successor and predecessor This file defines successor and predecessor orders. succ a , the successor of an element a : α is the least element greater than a . pred a is the greatest element less than a . Typical examples include ℕ , ℤ , ℕ+ , Fin n , but also ENat , the lexicograp",mathlib-algebra-order | mathlib-data-finset | mathlib-data-nat | mathlib-data-set | mathlib-order-conditionallycompletelattice | mathlib-order-interval,SuccPred | IsSuccArchimedean | IsPredArchimedean | NaiveSuccOrder | SuccOrder,,
mathlib-topology-category,Mathlib.Topology.Category,382,títulos del subárbol,SET,topology,topology category: The category of bornologies; Compactly generated topological spaces; Compacta and Compact Hausdorff Spaces; Delta-generated topological spaces; Category of finite topological spaces; The category of locales,mathlib-algebra-category | mathlib-categorytheory-adjunction | mathlib-categorytheory-limits | mathlib-categorytheory-monoidal | mathlib-data-finset | mathlib-data-set,Category | Born | CompactlyGenerated | Compactum | DeltaGenerated,,
mathlib-algebraicgeometry-morphisms,Mathlib.AlgebraicGeometry.Morphisms,379,Basic,SET,geometry,"Properties of morphisms between Schemes We provide the basic framework for talking about properties of morphisms between Schemes. A MorphismProperty Scheme is a predicate on morphisms between schemes. For properties local at the target, its behaviour is entirely determined by its",mathlib-algebra-category | mathlib-categorytheory-limits | mathlib-categorytheory-morphismproperty | mathlib-data-list | mathlib-ringtheory-spectrum,Morphisms | IsAffineHom | IsZariskiLocalAtTarget | IsZariskiLocalAtSource | AffineTargetMorphismProperty,,
mathlib-measuretheory-group,Mathlib.MeasureTheory.Group,374,Defs,SET,probability,Definitions about invariant measures In this file we define typeclasses for measures invariant under (scalar) multiplication. - MeasureTheory.SMulInvariantMeasure M α μ says that the measure μ is invariant under scalar multiplication by c : M ; - MeasureTheory.VAddInvariantMeasur,mathlib-analysis-convex | mathlib-grouptheory-groupaction | mathlib-measuretheory-integral | mathlib-order-filter | mathlib-topology-continuousmap,Group | MeasurableAdd | MeasurableAdd₂ | MeasurableMul | MeasurableMul₂,,
mathlib-ringtheory-hahnseries,Mathlib.RingTheory.HahnSeries,373,Basic,SET,algebra,"Hahn Series If Γ is ordered and R has zero, then the type HahnSeries Γ R , which we denote as R⟦Γ⟧ , consists of formal series over Γ with coefficients in R , whose supports are partially well-ordered. With further structure on R and Γ , we can add further structure on R⟦Γ⟧ , wit",mathlib-algebra-bigoperators | mathlib-algebra-order | mathlib-analysis-rclike | mathlib-data-finset | mathlib-data-finsupp | mathlib-data-rat,HahnSeries | HahnModule | SummableFamily | Equiv,,
mathlib-linearalgebra-dimension,Mathlib.LinearAlgebra.Dimension,372,Basic,SET,algebra,Dimension of modules and vector spaces Main definitions The rank of a module is defined as Module.rank : Cardinal . This is defined as the supremum of the cardinalities of linearly independent subsets. Main statements LinearMap.rank_le_of_injective : the source of an injective li,mathlib-data-set | mathlib-linearalgebra-basis | mathlib-linearalgebra-tensorproduct | mathlib-logic-equiv | mathlib-ringtheory-localization,Dimension | HasRankNullity | IsQuadraticExtension,,
mathlib-data-ereal,Mathlib.Data.EReal,370,Basic,SET,algebra,"The extended real numbers This file defines EReal , ℝ with a top element ⊤ and a bottom element ⊥ , implemented as WithBot (WithTop ℝ) . EReal is a CompleteLinearOrder , deduced by typeclass inference from the fact that WithBot (WithTop L) completes a conditionally complete linea",mathlib-data-ennreal | mathlib-data-nat,EReal,,
mathlib-combinatorics-additive,Mathlib.Combinatorics.Additive,366,títulos del subárbol,SET,combinatorics,combinatorics additive: Approximate subgroups; The Cauchy-Davenport theorem; Convolution; Relation of covering by cosets; Dissociation and span; Doubling and difference constants,mathlib-algebra-bigoperators | mathlib-algebra-charp | mathlib-algebra-order | mathlib-analysis-complex | mathlib-analysis-fourier | mathlib-data-fin,Additive | IsApproximateAddSubgroup | IsApproximateSubgroup | DevosMulRel | CovBySMul,,
mathlib-topology-compactness,Mathlib.Topology.Compactness,366,títulos del subárbol,SET,topology,topology compactness: Topological bases in compact sets and compact spaces; Compact sets and compact spaces; Compactly coherent spaces and the k-ification; Compactly generated topological spaces; Delta-generated topological spaces; Lindelöf sets and Lindelöf spaces,mathlib-analysis-locallyconvex | mathlib-data-ereal | mathlib-data-finset | mathlib-data-set | mathlib-order-filter | mathlib-topology-category,Compactness | CompactlyCoherentSpace | UCompactlyGeneratedSpace | CompactlyGeneratedSpace | DeltaGeneratedSpace,,
mathlib-analysis-locallyconvex,Mathlib.Analysis.LocallyConvex,365,Basic,SET,analysis,"Local convexity This file defines absorbent and balanced sets. An absorbent set is one that ""surrounds"" the origin. The idea is made precise by requiring that any point belongs to all large enough scalings of the set. This is the vector world analog of a topological neighborhood ",mathlib-analysis-convex | mathlib-analysis-rclike | mathlib-data-real | mathlib-grouptheory-groupaction | mathlib-linearalgebra-dual | mathlib-linearalgebra-finsupp,LocallyConvex | AbsConvex | AbsConvexOpenSets | BarrelledSpace | Balanced,,
mathlib-order-upperlower,Mathlib.Order.UpperLower,361,Basic,SET,set-theory,"Properties of unbundled upper/lower sets This file proves results on IsUpperSet and IsLowerSet , including their interactions with set operations, images, preimages and order duals, and properties that reflect stronger assumptions on the underlying order (such as PartialOrder and",mathlib-data-set | mathlib-logic-equiv | mathlib-order-hom | mathlib-order-interval,UpperLower,,
mathlib-categorytheory-localization,Mathlib.CategoryTheory.Localization,357,títulos del subárbol,CAT,category-theory,category theory localization: Localization of adjunctions; Lifting of bifunctors; Bousfield localization; ObjectProperty.isLocal is stable under transfinite compositions; Calculus of fractions; Composition of localization functors,mathlib-categorytheory-adjunction | mathlib-categorytheory-limits | mathlib-categorytheory-monoidal | mathlib-categorytheory-morphismproperty | mathlib-categorytheory-objectproperty | mathlib-categorytheory-shift,Localization | IsInvertedBy₂ | Lifting₂ | LeftFraction | RightFraction,,
mathlib-categorytheory-morphismproperty,Mathlib.CategoryTheory.MorphismProperty,353,Basic,CAT,category-theory,Properties of morphisms We provide the basic framework for talking about properties of morphisms. The following meta-property is defined RespectsLeft P Q : P respects the property Q on the left if P f → P (i ≫ f) where i satisfies Q . RespectsRight P Q : P respects the property Q,mathlib-categorytheory-limits | mathlib-categorytheory-objectproperty | mathlib-order-interval,MorphismProperty | RespectsRight | RespectsLeft | Respects | RespectsIso,,
mathlib-ringtheory-spectrum,Mathlib.RingTheory.Spectrum,351,títulos del subárbol,SET,algebra,ring theory spectrum: Maximal spectrum of a commutative (semi)ring; Prime spectrum of a commutative (semi)ring; Chevalley's theorem; Chevalley's theorem with complexity bound; Constructible sets in the prime spectrum; Prime spectrum of a commutative (semi)ring as a type,mathlib-algebra-order | mathlib-algebra-polynomial | mathlib-data-dfinsupp | mathlib-order-heyting | mathlib-order-succpred | mathlib-ringtheory-localization,Spectrum | MaximalSpectrum | PiLocalization | DegreeType | InductionObj,,
mathlib-topology-emetricspace,Mathlib.Topology.EMetricSpace,348,Basic,SET,topology,Extended metric spaces Further results about extended metric spaces.,mathlib-algebra-order | mathlib-analysis-specialfunctions | mathlib-data-ennreal | mathlib-data-nat | mathlib-order-interval | mathlib-topology-compactness,EMetricSpace | BoundedVariationOn | LocallyBoundedVariationOn | EDist | PseudoEMetricSpace,,
mathlib-representationtheory-homological,Mathlib.RepresentationTheory.Homological,344,títulos del subárbol,SET,algebra,representation theory homological: The group cohomology of a `k`-linear `G`-representation; Group cohomology of a finite cyclic group; Functoriality of group cohomology; Hilbert's Theorem 90; Long exact sequence in group cohomology; The low-degree cohomology of a `k`-linear `G`-r,mathlib-algebra-category | mathlib-ringtheory-integralclosure,Homological | H1InfRes | IsCocycle₁ | IsCocycle₂ | IsCoboundary₁,,
mathlib-ringtheory-dedekinddomain,Mathlib.RingTheory.DedekindDomain,344,Basic,SET,algebra,"Dedekind rings and domains This file defines the notion of a Dedekind ring (domain), as a Noetherian integrally closed commutative ring (domain) of Krull dimension at most one. Main definitions - IsDedekindRing defines a Dedekind ring as a commutative ring that is Noetherian, int",mathlib-algebra-order | mathlib-algebra-polynomial | mathlib-data-int | mathlib-order-filter | mathlib-ringtheory-fractionalideal | mathlib-ringtheory-polynomial,DedekindDomain | DimensionLEOne | IsDedekindRing | IsDedekindDomain | IsDedekindDomainDvr,,
mathlib-probability-distributions,Mathlib.Probability.Distributions,340,títulos del subárbol,SET,probability,probability distributions: Beta distributions over ℝ; Cauchy Distribution over ℝ; Exponential distributions over ℝ; Fernique's theorem for rotation-invariant measures; Gamma distributions over ℝ; Geometric distributions over ℕ,mathlib-algebra-order | mathlib-analysis-specialfunctions | mathlib-measuretheory-integral | mathlib-probability-independence | mathlib-probability-moments,Distributions | IsSetBernoulli | IsUniform | IsGaussian,,
mathlib-data-dfinsupp,Mathlib.Data.DFinsupp,331,Defs,SET,algebra,"Dependent functions with finite support For a non-dependent version see Mathlib/Data/Finsupp/Defs.lean . Notation This file introduces the notation Π₀ a, β a as notation for DFinsupp β , mirroring the α →₀ β notation used for Finsupp . This works for nested binders too, with Π₀ a",mathlib-algebra-bigoperators | mathlib-algebra-order | mathlib-data-finsupp | mathlib-data-set | mathlib-order-conditionallycompletelattice | mathlib-order-interval,DFinsupp | Lex,,
mathlib-data-seq,Mathlib.Data.Seq,330,Basic,SET,algebra,Basic properties of sequences (possibly infinite lists) This file provides some basic lemmas about possibly infinite lists represented by the type Stream'.Seq .,mathlib-data-enat | mathlib-data-nat,Seq | Computation | BisimO | IsBisimulation | Mem,,
mathlib-settheory-zfc,Mathlib.SetTheory.ZFC,329,Basic,SET,set-theory,"A model of ZFC In this file, we model Zermelo-Fraenkel set theory (+ choice) using Lean's underlying type theory, building on the pre-sets defined in Mathlib/SetTheory/ZFC/PSet.lean . The theory of classes is developed in Mathlib/SetTheory/ZFC/Class.lean . Main definitions ZFSet ",mathlib-data-fin | mathlib-data-set,ZFC | ZFSet | Definable | Definable₁ | Definable₂,,
mathlib-analysis-distribution,Mathlib.Analysis.Distribution,314,títulos del subárbol,SET,analysis,analysis distribution: Functions which vanish as distributions vanish as functions; Type classes for derivatives and the Laplacian; Distributions; Functions and measures of temperate growth; TemperedDistribution; Continuously differentiable functions with compact support,mathlib-algebra-order | mathlib-analysis-fourier | mathlib-analysis-locallyconvex | mathlib-analysis-specialfunctions | mathlib-data-fin | mathlib-data-nat,Distribution | ContDiffMapSupportedIn | ContDiffMapSupportedInClass | LineDeriv | LineDerivAdd,,
mathlib-order-monotone,Mathlib.Order.Monotone,312,Basic,SET,set-theory,"Monotonicity This file defines (strictly) monotone/antitone functions. Contrary to standard mathematical usage, ""monotone""/""mono"" here means ""increasing"", not ""increasing or decreasing"". We use ""antitone""/""anti"" to mean ""decreasing"". Main theorems monotone_nat_of_le_succ , monoto",mathlib-algebra-order | mathlib-data-int | mathlib-data-nat | mathlib-data-set | mathlib-logic-function | mathlib-order-bounds,Monotone | Antitone | MonotoneOn | AntitoneOn | StrictMono,,
mathlib-analysis-rclike,Mathlib.Analysis.RCLike,311,Basic,SET,analysis,"RCLike : a typeclass for ℝ or ℂ This file defines the typeclass RCLike intended to have only two instances: ℝ and ℂ. It is meant for definitions and theorems which hold for both the real and the complex case, and in particular when the real case follows directly from the complex ",mathlib-algebra-bigoperators | mathlib-algebra-order | mathlib-analysis-specialfunctions | mathlib-data-real | mathlib-linearalgebra-basis | mathlib-linearalgebra-dual,RCLike | IsRCLikeNormedField,,
mathlib-topology-semicontinuity,Mathlib.Topology.Semicontinuity,311,Basic,SET,topology,Lower and Upper Semicontinuity This file develops key properties of upper and lower semicontinuous functions. Main definitions and results We have some equivalent definitions of lower- and upper-semicontinuity (under certain restrictions on the order on the codomain): lowerSemico,mathlib-topology-compactness,Semicontinuity | SemicontinuousWithinAt | SemicontinuousOn | SemicontinuousAt | Semicontinuous,,
mathlib-data-rat,Mathlib.Data.Rat,308,Defs,SET,algebra,Basics for the Rational Numbers Summary We define the integral domain structure on ℚ and prove basic lemmas about it. The definition of the field structure on ℚ will be done in Mathlib/Algebra/Field/Rat.lean once the Field class has been defined. Main Definitions - Rat.divInt n d,mathlib-algebra-bigoperators | mathlib-algebra-order | mathlib-data-int | mathlib-data-nat | mathlib-data-pnat | mathlib-data-real,Rat | NNRat | NNRatCast,,
mathlib-logic-function,Mathlib.Logic.Function,306,Basic,LOG,logic,Miscellaneous function constructions and lemmas,mathlib-data-fin | mathlib-data-nat | mathlib-data-set | mathlib-logic-basic,Function | IsPartialInv | FactorsThrough | HasUncurry | Involutive,,
mathlib-algebra-monoidalgebra,Mathlib.Algebra.MonoidAlgebra,303,Basic,SET,algebra,Algebra structure on monoid algebras,mathlib-algebra-directsum | mathlib-data-finsupp | mathlib-linearalgebra-basis | mathlib-linearalgebra-finsupp | mathlib-order-filter | mathlib-ringtheory-gradedalgebra,MonoidAlgebra | Monic,,
mathlib-ringtheory-gradedalgebra,Mathlib.RingTheory.GradedAlgebra,302,Basic,SET,algebra,"Internally-graded rings and algebras This file defines the typeclass GradedAlgebra 𝒜 , for working with an algebra A that is internally graded by a collection of submodules 𝒜 : ι → Submodule R A . See the docstring of that typeclass for more information. Main definitions GradedRi",mathlib-algebra-directsum | mathlib-linearalgebra-finsupp | mathlib-linearalgebra-tensorproduct | mathlib-order-filter | mathlib-ringtheory-localization | mathlib-ringtheory-tensorproduct,GradedAlgebra | GradedAlgHom | GradedRing | NumDenSameDeg | HomogeneousLocalization,,
mathlib-ringtheory-wittvector,Mathlib.RingTheory.WittVector,299,Basic,SET,algebra,Witt vectors This file verifies that the ring operations on WittVector p R satisfy the axioms of a commutative ring. Main definitions WittVector.map : lifts a ring homomorphism R →+ S to a ring homomorphism 𝕎 R →+ 𝕎 S . WittVector.ghostComponent n x : evaluates the n th Witt poly,mathlib-algebra-charp | mathlib-algebra-mvpolynomial | mathlib-algebra-order | mathlib-data-nat,WittVector | IsPoly | IsPoly₂ | Isocrystal | IsocrystalHom,,
mathlib-topology-sets,Mathlib.Topology.Sets,284,títulos del subárbol,SET,topology,topology sets: Closed sets; Compact open covered sets; Compact sets; Open covers; Open sets; Clopen upper sets,mathlib-order-hom | mathlib-topology-compactness | mathlib-topology-continuousmap,Sets | Closeds | Clopens | IrreducibleCloseds | IsCompactOpenCovered,,
mathlib-analysis-real,Mathlib.Analysis.Real,283,títulos del subárbol,SET,analysis,analysis real: The cardinality of the reals; Representation of reals in positional system; Chudnovsky's formula for π; `Real.pi` is irrational; Leibniz's series for `π`; The Wallis formula for Pi,mathlib-algebra-order | mathlib-analysis-complex | mathlib-analysis-specialfunctions | mathlib-data-rat | mathlib-measuretheory-integral | mathlib-order-filter,Real | Hyperreal | IsSt | Infinitesimal | InfinitePos,,
mathlib-order-heyting,Mathlib.Order.Heyting,280,Basic,SET,set-theory,"Heyting algebras This file defines Heyting, co-Heyting and bi-Heyting algebras. A Heyting algebra is a bounded distributive lattice with an implication operation ⇨ such that a ≤ b ⇨ c ↔ a ⊓ b ≤ c . It also comes with a pseudo-complement ᶜ , such that aᶜ = a ⇨ ⊥ . Co-Heyting algeb",mathlib-order-booleanalgebra | mathlib-order-hom,Heyting | GeneralizedHeytingAlgebra | GeneralizedCoheytingAlgebra | HeytingAlgebra | CoheytingAlgebra,,
mathlib-analysis-fourier,Mathlib.Analysis.Fourier,277,títulos del subárbol,SET,analysis,analysis fourier: Fourier analysis on the additive circle; Multivariate Fourier series; Definition of BoundedContinuousFunction.char; The Fourier transform of the convolution; The Fourier transform; Derivatives of the Fourier transform,mathlib-algebra-bigoperators | mathlib-algebra-directsum | mathlib-algebra-monoidalgebra | mathlib-analysis-complex | mathlib-analysis-distribution | mathlib-analysis-rclike,Fourier | UnitAddTorus | FourierTransform | FourierTransformInv | FourierAdd,,
mathlib-order-category,Mathlib.Order.Category,268,títulos del subárbol,SET,set-theory,order category: The category of bounded distributive lattices; The category of bounded lattices; The category of bounded orders; The category of Boolean algebras; The category of complete lattices; The category of distributive lattices,mathlib-categorytheory-adjunction | mathlib-categorytheory-limits | mathlib-data-set | mathlib-order-heyting | mathlib-order-hom,Category | BddDistLat | Hom | BddLat | BddOrd,,
mathlib-linearalgebra-cliffordalgebra,Mathlib.LinearAlgebra.CliffordAlgebra,266,Basic,SET,algebra,"Clifford Algebras We construct the Clifford algebra of a module M over a commutative ring R , equipped with a quadratic form Q . Notation The Clifford algebra of the R -module M equipped with a quadratic form Q is an R -algebra denoted CliffordAlgebra Q . Given a linear morphism ",mathlib-algebra-category | mathlib-algebra-star | mathlib-grouptheory-groupaction | mathlib-linearalgebra-dual | mathlib-linearalgebra-tensorproduct | mathlib-ringtheory-gradedalgebra,CliffordAlgebra | EvenHom,,
mathlib-measuretheory-vectormeasure,Mathlib.MeasureTheory.VectorMeasure,264,Basic,SET,probability,"Vector-valued measures This file defines vector-valued measures, which are σ-additive functions from a set to an additive monoid M such that it maps the empty set and non-measurable sets to zero. In the case that M = ℝ , we called the vector measure a signed measure and write Sig",mathlib-topology-emetricspace,VectorMeasure | SignedMeasure | AbsolutelyContinuous | MutuallySingular | ExistsOneDivLT,,
mathlib-measuretheory-outermeasure,Mathlib.MeasureTheory.OuterMeasure,259,Basic,SET,probability,"Outer Measures An outer measure is a function μ : Set α → ℝ≥0∞ , from the powerset of a type to the extended nonnegative real numbers that satisfies the following conditions: 1. μ ∅ = 0 ; 2. μ is monotone; 3. μ is countably subadditive. This means that the outer measure of a coun",mathlib-algebra-order | mathlib-data-ennreal | mathlib-data-fin | mathlib-topology-order,OuterMeasure | IsCaratheodory | OuterMeasureClass,,
mathlib-order-booleanalgebra,Mathlib.Order.BooleanAlgebra,252,Basic,SET,set-theory,"Basic properties of Boolean algebras This file provides some basic definitions, functions as well as lemmas for functions and type classes related to Boolean algebras as defined in Mathlib/Order/BooleanAlgebra/Defs.lean . References <https://en.wikipedia.org/wiki/Boolean_algebra_",mathlib-data-set | mathlib-order-heyting,BooleanAlgebra | GeneralizedBooleanAlgebra,,
mathlib-ringtheory-tensorproduct,Mathlib.RingTheory.TensorProduct,249,Basic,SET,algebra,"The tensor product of R-algebras This file provides results about the multiplicative structure on A ⊗[R] B when R is a commutative (semi)ring and A and B are both R -algebras. On these tensor products, multiplication is characterized by (a₁ ⊗ₜ b₁) (a₂ ⊗ₜ b₂) = (a₁ a₂) ⊗ₜ (b₁ b₂) ",mathlib-algebra-category | mathlib-algebra-monoidalgebra | mathlib-algebra-mvpolynomial | mathlib-algebra-star | mathlib-linearalgebra-basis | mathlib-linearalgebra-finsupp,TensorProduct | IsEffective,,
mathlib-order-conditionallycompletelattice,Mathlib.Order.ConditionallyCompleteLattice,248,Basic,SET,set-theory,"Theory of conditionally complete lattices A conditionally complete lattice is a lattice in which every non-empty bounded subset s has a least upper bound and a greatest lower bound, denoted below by sSup s and sInf s . Typical examples are ℝ , ℕ , and ℤ with their usual orders. T",mathlib-algebra-order | mathlib-data-finset | mathlib-data-set | mathlib-order-bounds,ConditionallyCompleteLattice | ConditionallyCompleteLinearOrder | ConditionallyCompleteLinearOrderBot,,
mathlib-analysis-meromorphic,Mathlib.Analysis.Meromorphic,246,Basic,SET,analysis,"Meromorphic functions Main statements: MeromorphicAt : definition of meromorphy at a point MeromorphicAt.iff_eventuallyEq_zpow_smul_analyticAt : f is meromorphic at z₀ iff we have f z = (z - z₀) ^ n • g z on a punctured neighborhood of z₀ , for some n : ℤ and g analytic at z₀ .",mathlib-algebra-order | mathlib-analysis-specialfunctions,Meromorphic | MeromorphicAt | MeromorphicOn | Gamma | MeromorphicNFAt,,
mathlib-algebra-quaternion,Mathlib.Algebra.Quaternion,241,docstring propio,SET,algebra,"Quaternions In this file we define quaternions ℍ[R] over a commutative ring R , and define some algebraic structures on ℍ[R] . Main definitions QuaternionAlgebra R a b c , ℍ[R, a, b, c] : [Bourbaki, Algebra I ][bourbaki1989] with coefficients a , b , c (Many other references such",mathlib-algebra-star | mathlib-linearalgebra-dimension,Quaternion | QuaternionAlgebra,,
mathlib-algebra-charp,Mathlib.Algebra.CharP,240,Basic,SET,algebra,"Characteristic of semirings This file collects some fundamental results on the characteristic of rings that don't need the extra imports of Mathlib/Algebra/CharP/Lemmas.lean . As such, we can probably reorganize and find a better home for most of these lemmas.",mathlib-algebra-bigoperators | mathlib-data-int | mathlib-data-nat | mathlib-grouptheory-perm | mathlib-order-interval | mathlib-ringtheory-localization,CharP | MixedCharZero,,
mathlib-data-pnat,Mathlib.Data.PNat,239,Basic,SET,algebra,"The positive natural numbers This file develops the type ℕ+ or PNat , the subtype of natural numbers that are positive. It is defined in Data.PNat.Defs , but most of the development is deferred to here so that Data.PNat.Defs can have very few imports.",mathlib-algebra-bigoperators | mathlib-algebra-order | mathlib-data-int | mathlib-data-multiset | mathlib-data-nat | mathlib-logic-equiv,PNat | PrimeMultiset | Prime | Coprime | XgcdType,,
mathlib-ringtheory-fractionalideal,Mathlib.RingTheory.FractionalIdeal,238,Basic,SET,algebra,Fractional ideals This file defines fractional ideals of an integral domain and proves basic facts about them. Main definitions Let S be a submonoid of an integral domain R and P the localization of R at S . IsFractional defines which R -submodules of P are fractional ideals Frac,mathlib-ringtheory-dedekinddomain | mathlib-ringtheory-integralclosure | mathlib-ringtheory-localization,FractionalIdeal | IsFractional,,
mathlib-categorytheory-shift,Mathlib.CategoryTheory.Shift,236,Basic,CAT,category-theory,"Shift A Shift on a category C indexed by a monoid A is nothing more than a monoidal functor from A to C ⥤ C . A typical example to keep in mind might be the category of complexes ⋯ → C_{n-1} → C_n → C_{n+1} → ⋯ . It has a shift indexed by ℤ , where we assign to each n : ℤ the fun",mathlib-categorytheory-adjunction | mathlib-categorytheory-limits | mathlib-categorytheory-localization | mathlib-categorytheory-monoidal | mathlib-categorytheory-triangulated,Shift | CompatibilityUnit | CompatibilityCounit | CommShift | HasShift,,
mathlib-combinatorics-setfamily,Mathlib.Combinatorics.SetFamily,229,títulos del subárbol,SET,combinatorics,combinatorics set family: The Ahlswede-Zhang identity; The four functions theorem and corollaries; Harris-Kleitman inequality; Intersecting families; Kleitman's bound on the size of intersecting families; Kruskal-Katona theorem,mathlib-algebra-bigoperators | mathlib-algebra-order | mathlib-data-finset | mathlib-data-nat | mathlib-data-rat | mathlib-logic-function,SetFamily | Intersecting | IsIntersectingOf | UsefulCompression | Shatters,,
mathlib-categorytheory-adjunction,Mathlib.CategoryTheory.Adjunction,228,Basic,CAT,category-theory,Adjunctions between functors F ⊣ G represents the data of an adjunction between two functors F : C ⥤ D and G : D ⥤ C . F is the left adjoint and G is the right adjoint. We provide various useful constructors: mkOfHomEquiv mk' : construct an adjunction from the data of a hom set e,mathlib-categorytheory-limits | mathlib-categorytheory-morphismproperty | mathlib-categorytheory-subobject,Adjunction | SolutionSetCondition | IsLeftAdjoint | IsRightAdjoint | CoreHomEquivUnitCounit,,
mathlib-categorytheory-subobject,Mathlib.CategoryTheory.Subobject,228,Basic,CAT,category-theory,"Subobjects We define Subobject X as the quotient (by isomorphisms) of MonoOver X := {f : Over X // Mono f.hom} . Here MonoOver X is a thin category (a pair of objects has at most one morphism between them), so we can think of it as a preorder. However as it is not skeletal, it is",mathlib-categorytheory-adjunction | mathlib-categorytheory-limits | mathlib-categorytheory-objectproperty | mathlib-data-finset | mathlib-data-set,Subobject | IsArtinianObject | Factors | MonoOver | IsNoetherianObject,,
mathlib-grouptheory-specificgroups,Mathlib.GroupTheory.SpecificGroups,226,títulos del subárbol,SET,algebra,group theory specific groups: Alternating Groups; Cyclic groups; Dihedral Groups; Klein Four Group; Quaternion Groups; Centralizer of an element in the alternating group,mathlib-algebra-order | mathlib-data-nat | mathlib-grouptheory-groupaction | mathlib-grouptheory-perm | mathlib-logic-equiv,SpecificGroups | IsAddKleinFour | IsKleinFour | IsZGroup,,
mathlib-ringtheory-extension,Mathlib.RingTheory.Extension,225,Basic,SET,algebra,Extension of algebras Main definitions - Algebra.Extension : An extension of an R -algebra S is an R algebra P together with a surjection P →ₐ[R] R . - Algebra.Extension.Hom : Given a commuting square R --→ P -→ S | | ↓ ↓ R' -→ P' → S A hom between P and P' is a ring homomorphism,mathlib-algebra-mvpolynomial | mathlib-linearalgebra-basis | mathlib-linearalgebra-tensorproduct | mathlib-ringtheory-localization | mathlib-ringtheory-mvpolynomial | mathlib-ringtheory-tensorproduct,Extension | Hom | Cotangent | Generators | Ring,,
mathlib-data-sym,Mathlib.Data.Sym,223,Basic,SET,algebra,"Symmetric powers This file defines symmetric powers of a type. The nth symmetric power consists of homogeneous n-tuples modulo permutations by the symmetric group. The special case of 2-tuples is called the symmetric square, which is addressed in more detail in Data.Sym.Sym2 . TO",mathlib-algebra-bigoperators | mathlib-algebra-order | mathlib-data-finset | mathlib-data-finsupp,Sym | Sym' | Sym2 | Mem | IsDiag,,
mathlib-algebra-directsum,Mathlib.Algebra.DirectSum,221,Basic,SET,algebra,"Direct sum This file defines the direct sum of abelian groups, indexed by a discrete type. Notation ⨁ i, β i is the n-ary direct sum DirectSum . This notation is in the DirectSum locale, accessible after open DirectSum . References https://en.wikipedia.org/wiki/Direct_sum",mathlib-algebra-order | mathlib-data-dfinsupp | mathlib-data-finsupp | mathlib-linearalgebra-basis,DirectSum | GAlgebra | IsInternal | Decomposition | IsHomogeneous,,
mathlib-computability-primrec,Mathlib.Computability.Primrec,221,Basic,TYPE,computation,"The primitive recursive functions The primitive recursive functions are the least collection of functions ℕ → ℕ which are closed under projections (using the pair pairing function), composition, zero, successor, and primitive recursion (i.e. Nat.rec where the motive is C n := ℕ )",mathlib-algebra-order | mathlib-logic-function,Primrec | Primcodable | Primrec₂ | PrimrecPred | PrimrecRel,,
mathlib-fieldtheory-ratfunc,Mathlib.FieldTheory.RatFunc,218,Basic,SET,algebra,The field structure of rational functions Main definitions Working with rational functions as polynomials: - RatFunc.instField provides a field structure You can use IsFractionRing API to treat RatFunc as the field of fractions of polynomials: algebraMap K[X] K⟮X⟯ maps polynomial,mathlib-algebra-charp | mathlib-algebra-polynomial | mathlib-ringtheory-dedekinddomain | mathlib-ringtheory-localization | mathlib-ringtheory-polynomial,RatFunc,,
mathlib-linearalgebra-linearindependent,Mathlib.LinearAlgebra.LinearIndependent,217,Basic,SET,algebra,Linear independence This file collects basic consequences of linear (in)dependence and includes specialized tests for specific families of vectors. Main statements We prove several specialized tests for linear independence of families of vectors and of sets of vectors. linearInde,mathlib-algebra-bigoperators | mathlib-algebra-order | mathlib-data-fin | mathlib-linearalgebra-dual | mathlib-linearalgebra-finsupp | mathlib-logic-equiv,LinearIndependent | LinearIndepOn | Maximal,,
mathlib-data-enat,Mathlib.Data.ENat,214,Basic,SET,algebra,Definition and basic properties of extended natural numbers In this file we define ENat (notation: ℕ∞ ) to be WithTop ℕ and prove some basic lemmas about this type. Implementation details There are two natural coercions from ℕ to WithTop ℕ = ENat : WithTop.some and Nat.cast . In ,mathlib-algebra-order | mathlib-data-nat,ENat | ENatMap,,
mathlib-data-num,Mathlib.Data.Num,213,Basic,SET,algebra,"Binary representation of integers using inductive types Note: Unlike in Coq, where this representation is preferred because of the reliance on kernel reduction, in Lean this representation is discouraged in favor of the ""Peano"" natural numbers Nat , and the purpose of this collec",mathlib-algebra-order | mathlib-data-int | mathlib-data-nat,Num | Prime,,
mathlib-linearalgebra-span,Mathlib.LinearAlgebra.Span,211,Basic,SET,algebra,"The span of a set of vectors, as a submodule Submodule.span s is defined to be the smallest submodule containing the set s . Notation We introduce the notation R ∙ v for the span of a singleton, Submodule.span R {v} . This is \span , not the same as the scalar multiplication • / ",mathlib-combinatorics-matroid | mathlib-data-nat | mathlib-data-sym | mathlib-linearalgebra-dimension | mathlib-linearalgebra-finsupp,Span | IsPrincipal,,
mathlib-order-bounds,Mathlib.Order.Bounds,211,Basic,SET,set-theory,"Upper / lower bounds In this file we prove various lemmas about upper/lower bounds of a set: monotonicity, behaviour under ∪ , ∩ , insert , and provide formulas for ∅ , univ , and intervals.",mathlib-data-set | mathlib-order-hom | mathlib-order-interval,Bounds | BddAbove | IsLeast | IsLUB | IsCofinalFor,,
mathlib-topology-openpartialhomeomorph,Mathlib.Topology.OpenPartialHomeomorph,211,Basic,SET,topology,Partial homeomorphisms: basic theory Main definitions OpenPartialHomeomorph.refl : the identity open partial homeomorphism Topology.IsOpenEmbedding.toOpenPartialHomeomorph : construct a partial homeomorphism from an open embedding,mathlib-logic-equiv | mathlib-topology-sets,OpenPartialHomeomorph | IsImage | EqOnSource,,
mathlib-logic-basic,Mathlib.Logic.Basic,209,docstring propio,LOG,logic,Basic logic properties This file is one of the earliest imports in mathlib. Implementation notes Theorems that require decidability hypotheses are in the namespace Decidable . Classical versions are in the namespace Classical .,,Basic | Fact | Xor',,
mathlib-ringtheory-integralclosure,Mathlib.RingTheory.IntegralClosure,209,títulos del subárbol,SET,algebra,ring theory integral closure: Going down for integrally closed domains; Integrally closed rings; Integral closure of a subring.; Integral algebras; Integrality over ideals; Almost integral elements,mathlib-algebra-polynomial | mathlib-ringtheory-dedekinddomain | mathlib-ringtheory-localization | mathlib-ringtheory-polynomial | mathlib-ringtheory-tensorproduct,IntegralClosure | IsIntegrallyClosedIn | IsIntegrallyClosed | IsIntegral | IsAlmostIntegral,,
mathlib-linearalgebra-basis,Mathlib.LinearAlgebra.Basis,207,Basic,SET,algebra,Basic results on bases The main goal of this file is to show the equivalence between bases and families of vectors that are linearly independent and whose span is the whole space. There are also various lemmas on bases on specific spaces (such as empty or singletons). Main result,mathlib-data-fin | mathlib-linearalgebra-dual | mathlib-linearalgebra-finsupp | mathlib-linearalgebra-linearindependent | mathlib-linearalgebra-span,Basis,,
mathlib-categorytheory-objectproperty,Mathlib.CategoryTheory.ObjectProperty,206,Basic,CAT,category-theory,"Properties of objects in a category Given a category C , we introduce an abbreviation ObjectProperty C for predicates C → Prop . TODO refactor the file Limits.FullSubcategory in order to rename ClosedUnderLimitsOfShape as ObjectProperty.IsClosedUnderLimitsOfShape (and make it a t",mathlib-categorytheory-adjunction | mathlib-categorytheory-limits | mathlib-categorytheory-morphismproperty | mathlib-categorytheory-shift | mathlib-order-booleanalgebra | mathlib-order-completelattice,ObjectProperty | IsClosedUnderIsomorphisms | ColimitOfShape | IsClosedUnderColimitsOfShape | ContainsZero,,
mathlib-data-nnreal,Mathlib.Data.NNReal,204,Basic,SET,algebra,"Basic results on nonnegative real numbers This file contains all results on NNReal that do not directly follow from its basic structure. As a consequence, it is a bit of a random collection of results, and is a good target for cleanup. Notation This file uses ℝ≥0 as a localized n",mathlib-algebra-bigoperators | mathlib-algebra-order | mathlib-data-nat | mathlib-data-real | mathlib-order-conditionallycompletelattice,NNReal,,
mathlib-geometry-ringedspace,Mathlib.Geometry.RingedSpace,203,Basic,SET,geometry,"Ringed spaces We introduce the category of ringed spaces, as an alias for SheafedSpace CommRingCat . The facts collected in this file are typically stated for locally ringed spaces, but never actually make use of the locality of stalks. See for instance <https://stacks.math.colum",mathlib-algebra-category | mathlib-algebra-order | mathlib-categorytheory-adjunction | mathlib-categorytheory-limits | mathlib-topology-category,RingedSpace | LocallyRingedSpace | Hom | IsOpenImmersion | SheafedSpace,,
mathlib-linearalgebra-finsupp,Mathlib.LinearAlgebra.Finsupp,203,Defs,SET,algebra,"Properties of the module α →₀ M Given an R -module M , the R -module structure on α →₀ M is defined in Mathlib/Data/Finsupp/SMul.lean . In this file we define LinearMap versions of various maps: Finsupp.lsingle a : M →ₗ[R] ι →₀ M : Finsupp.single a as a linear map; Finsupp.lapply",mathlib-algebra-bigoperators | mathlib-algebra-monoidalgebra | mathlib-algebra-order | mathlib-algebra-polynomial | mathlib-data-finsupp | mathlib-linearalgebra-basis,Finsupp,,
mathlib-linearalgebra-dual,Mathlib.LinearAlgebra.Dual,201,Defs,SET,algebra,"Dual vector spaces The dual space of an $R$-module $M$ is the $R$-module of $R$-linear maps $M \to R$. Main definitions Duals and transposes: Module.Dual R M defines the dual space of the R -module M , as M →ₗ[R] R . Module.dualPairing R M is the canonical pairing between Dual R ",mathlib-linearalgebra-basis | mathlib-linearalgebra-dimension | mathlib-linearalgebra-span | mathlib-ringtheory-tensorproduct,Dual | DualBases | IsReflexive,,
mathlib-data-sum,Mathlib.Data.Sum,200,Basic,SET,algebra,Additional lemmas about sum types Most of the former contents of this file have been moved to Batteries.,mathlib-data-finset | mathlib-logic-function | mathlib-order-heyting | mathlib-order-hom | mathlib-order-interval,Sum,,
mathlib-numbertheory-arithmeticfunction,Mathlib.NumberTheory.ArithmeticFunction,200,Defs,SET,number-theory,"Arithmetic Functions and Dirichlet Convolution This file defines arithmetic functions, which are functions from ℕ to a specified type that map 0 to 0. In the literature, they are often instead defined as functions from ℕ+ . These arithmetic functions are endowed with a multiplica",mathlib-algebra-order | mathlib-analysis-specialfunctions | mathlib-data-nat,ArithmeticFunction | Carmichael | IsMultiplicative,,
